<?xml version="1.0" encoding="UTF-8" standalone="yes"?>
<startupTime>
	<vm>
		<connectTimeout>3000</connectTimeout>
		<instanceID>i-d5420994</instanceID>
		<launchTime>28/02/2014 09:29:58</launchTime>
		<publicIP>54.195.77.129</publicIP>
		<userName>ubuntu</userName>
		<keyFile>D:\Dropbox\awsiclkp02.pem</keyFile>
		<isSpot>no</isSpot>
	</vm>
	<vm>
		<connectTimeout>3000</connectTimeout>
		<instanceID></instanceID>
		<launchTime>28/02/2014 09:29:58</launchTime>
		<publicIP>109.231.122.194</publicIP>
		<userName>ubuntu</userName>
		<password>revers3</password>
		<isSpot>no</isSpot>
	</vm>
</startupTime>
