<?xml version="1.0"?>
<logFileParser>
	<OFBizLogFile>
		<LogFileName>/home/ubuntu/ofbench/instance/ofbiz/runtime/logs/ofbiz.log</LogFileName>
        <Pattern>(19|20\d{2})-(0?[1-9]|1[012])-(0?[1-9]|[12]\d|3[01]) ([01]?\d|2[0-3]):([0-5]\d):([0-5]\d),(\d{3}).*\((http.+?)\).*\[\[\[(.+?)\(Domain.*(Request Done).*total:(.*),</Pattern>
		<monitorPeriod>5000</monitorPeriod>
	</OFBizLogFile>
	<ApacheLogFile>
        <LogFileName>/home/ubuntu/ofbench/instance/ofbiz/runtime/logs/access_log</LogFileName>
        <Pattern>^([\d.]+) (\S+) (\S+) \[([\w:/]+\s[+\\-]\d{4})\] \"(.+?)\" (\d{3}) (\d+) \"([^\"]+)\" \"([^\"]+)\"</Pattern>
		<monitorPeriod>5000</monitorPeriod>
	</ApacheLogFile>
</logFileParser>