<?xml version="1.0" encoding="UTF-8" standalone="yes"?>
<reflectionXML>
    <categoryList>
		<category categoryName="CPU" resolution="1000">
            <metricList>
                <metric metricName="CPUUtil">
                    <functionList>
						<function functionID="1" className="org.hyperic.sigar.CpuPerc" functionName="getCombined"/>
                    </functionList>
                </metric>
				<metric metricName="CPUUtilStolen">
                    <functionList>
						<function functionID="1" className="org.hyperic.sigar.CpuPerc" functionName="getStolen"/>
                    </functionList>
                </metric>
            </metricList>
        </category>
        <category categoryName="Memory" resolution="1000">
            <metricList>
                <metric metricName="MemUsed">
                    <functionList>
						<function functionID="1" className="org.hyperic.sigar.Mem" functionName="getActualUsed"/>
                    </functionList>
                </metric>
            </metricList>
        </category>
    </categoryList>
</reflectionXML>
