<?xml version="1.0" encoding="UTF-8" standalone="yes"?>
<collectl-metric>
		<serverIP>localhost</serverIP>
		<monitorPeriod>60000</monitorPeriod>
        <metricName>CPUUtilization</metricName>
        <metricName>ContextSwitch</metricName>
        <metricName>CPUUtilStolen</metricName>
        <metricName>Interrupts</metricName>
        <metricName>MaxProcs</metricName>
        <metricName>MaxProcsQueue</metricName>
        <metricName>DiskReadBytes</metricName>
        <metricName>DiskReadOps</metricName>
        <metricName>DiskWriteBytes</metricName>
        <metricName>DiskWriteOps</metricName>
        <metricName>DiskQLen</metricName>
        <metricName>DiskWait</metricName>
        <metricName>MemUsed</metricName>
        <metricName>MemSwapSpaceUsed</metricName>
        <metricName>NetworkInBytes</metricName>
        <metricName>NetworkOutBytes</metricName>
</collectl-metric>
