<?xml version="1.0" encoding="UTF-8" standalone="yes"?>
<spotPrice>
	<accessKey></accessKey>
	<secretKey></secretKey>
	<monitorPeriod>10000</monitorPeriod>
	<instance>
		<endPoint>ec2.eu-west-1.amazonaws.com</endPoint>
		<productDescription>Linux/UNIX (Amazon VPC)</productDescription>
		<instanceType>m2.xlarge</instanceType>
	</instance>
	<instance>
		<endPoint>ec2.eu-west-1.amazonaws.com</endPoint>
		<productDescription>Windows</productDescription>
		<instanceType>m2.2xlarge</instanceType>
	</instance>
</spotPrice>
